tr_tra_name_2018,Date,Japan,Hong Kong,Singapore,Malaysia,Indonesia,Taiwan,Thailand,Korea,China,India,United States of America,Canada,United Kingdom,Germany,Scandinavia,France,Italy,Netherlands,Switzerland,Italy,Netherlands,Switzerland
Sydney,2013,144,88,98,66,59,51,31,147,404,79,288,78,308,101,54,73,40,24,29,40,24,29
Blue Mountains,2013,,,,,,,,,,,,4,,8,2,,,,,,,
Capital Country,2013,,,,,,,,,,,,,,,,,,,,,,
Central Coast,2013,,,,,,,,,,,,,,3,,,,,,,,
Central NSW,2013,,,,,,,,,,,,,,,,,,,,,,
Hunter,2013,3,,,,,,,,,1,,7,22,10,5,,,,,,,
New England North West,2013,,,,,,,,,,,,,,2,,,,,,,,
North Coast NSW,2013,4,,,,,,,,,,,16,60,27,14,14,7,9,8,7,,
Outback NSW,2013,,,,,,,,,,,,,,,,,,,,,,
Riverina,2013,,,,,,,,,,,,,,,,,,,,,,
Snowy Mountains,2013,,,,,,,,,,,,,,,,,,,,,,
South Coast,2013,3,,,,,,,,,1,,5,,9,3,,,,,,,
The Murray,2013,,,,,,,,,,,,,,,,,,,,,,
Melbourne,2013,40,57,86,93,43,38,23,38,324,72,135,38,194,68,30,41,31,15,18,31,15,18
Ballarat,2013,,,,,,,,,,,,,,,,,,,,,,
Bendigo Loddon,2013,,,,,,,,,,,,,,,,,,,,,,
Central Highlands,2013,,,,,,,,,,,,,,,,,,,,,,
Central Murray,2013,,,,,,,,,,,,,,,,,,,,,,
Geelong and the Bellarine,2013,,,,,,,,,,,,,,2,,,,,,,,
Gippsland,2013,,,,,,,,,,,,,,,,,,,,,,
Goulburn,2013,,,,,,,,,,,,,,,,,,,,,,
Great Ocean Road,2013,,,,,,,,,,3,,4,,24,6,8,4,,4,4,,
High Country,2013,,,,,,,,,,,,,,,,,,,,,,
Lakes,2013,,,,,,,,,,,,,,,,,,,,,,
Macedon,2013,,,,,,,,,,,,,,,,,,,,,,
Mallee,2013,,,,,,,,,,,,,,,,,,,,,,
Melbourne East,2013,,,,,,,,,,,,,,,,,,,,,,
Murray East,2013,,,,,,,,,,,,,,,,,,,,,,
Peninsula,2013,,,,,,,,,,,,,,2,,,,,,,,
Phillip Island,2013,,,,,,,,,,,,,,,,,,,,,,
Spa Country,2013,,,,,,,,,,,,,,,,,,,,,,
Upper Yarra,2013,,,,,,,,,,,,,,,,,,,,,,
Western Grampians,2013,,,,,,,,,,,,,,,,,,,,,,
Wimmera,2013,,,,,,,,,,,,,,,,,,,,,,
Brisbane,2013,25,27,31,22,14,32,9,29,135,18,72,29,124,44,26,24,13,11,12,13,11,
Bundaberg,2013,,,,,,,,,,,,,,4,1,,,,,,,
Southern Queensland Country,2013,2,,,,,,,,,,,,,,,,,,,,,
Fraser Coast,2013,,,,,,,,,,,,8,30,19,8,7,2,,5,2,,
Gold Coast,2013,56,17,36,28,11,16,4,,188,18,25,13,59,16,11,11,4,4,7,4,4,7
Mackay,2013,1,,,,,,,,,,,,,5,1,,,,,,,
Townsville,2013,3,,,,,,,,,,,4,21,16,5,7,3,,3,3,,
Outback Queensland,2013,,,,,,,,,,,,,,,,,,,,,,
Sunshine Coast,2013,3,,,,,,,,,,,10,48,22,10,9,3,6,7,3,6,
Tropical North Queensland,2013,87,15,3,,,,1,,144,12,74,22,84,40,18,27,11,11,10,11,,10
Whitsundays,2013,7,1,,,,,,,,,,10,43,24,9,14,6,7,7,6,,
Capricorn,2013,1,,,,,,,,,,,,,9,3,,,,,,,
Gladstone,2013,1,,,,,,,,,,,1,,6,3,,,,,,,
Adelaide,2013,7,9,12,17,6,,4,,,11,33,14,57,26,9,14,11,7,8,11,,
Adelaide Hills,2013,,,,,,,,,,,,,,,,,,,,,,
Barossa,2013,,,,,,,,,,,,,,,,,,,,,,
Clare Valley,2013,,,,,,,,,,,,,,,,,,,,,,
Eyre Peninsula,2013,,,,,,,,,,,,,,,,,,,,,,
Fleurieu Peninsula,2013,,,,,,,,,,,,,,,,,,,,,,
Limestone Coast,2013,,,,,,,,,,,,,,6,,,,,,,,
"Murray River, Lakes and Coorong",2013,,,,,,,,,,,,,,,,,,,,,,
Riverland,2013,,,,,,,,,,,,,,,,,,,,,,
Yorke Peninsula,2013,,,,,,,,,,,,,,,,,,,,,,
Flinders Ranges and Outback,2013,,,,,,,,,,,,,,5,1,,,,,,,
Kangaroo Island,2013,,,,,,,,,,,,,,,,,,,,,,
Experience Perth,2013,18,15,62,61,27,12,9,10,33,14,55,18,144,28,13,19,11,9,11,11,9,
Australia's Golden Outback,2013,,,,,,,,,,,,,,6,1,,,,,,,
Australia's North West,2013,2,,,,,,,,,,,,,6,1,,,,,,,
Australia's South West,2013,1,,,8,2,,,,,,,5,,8,2,,2,,,,,
Australia's Coral Coast,2013,,,,,,,,,,,,,,10,2,,,,,,,
Hobart and the South,2013,5,,5,,,,,,,2,,4,,7,2,,,,,,,
East Coast,2013,,,,,,,,,,,,,,,,,,,,,,
Launceston and the North,2013,,,,,,,,,,,,,,,,,,,,,,
North West,2013,,,,,,,,,,,,,,,,,,,,,,
West Coast,2013,,,,,,,,,,,,,,,,,,,,,,
Darwin,2013,4,,,,,,,,,,,5,17,15,4,,5,4,4,5,,
Barkly,2013,,,,,,,,,,,,,,,,,,,,,,
Alice Springs,2013,,,,,,,,,,,,5,,17,4,,5,3,6,5,,
Litchfield Kakadu Arnhem,2013,,,,,,,,,,,,,,,1,,,,,,,
Katherine Daly,2013,,,,,,,,,,,,,,,1,,,,,,,
Lasseter,2013,,1,,,,,,,,,,5,19,17,3,,7,3,,7,,
MacDonnell,2013,,,,,,,,,,,,,,,,,,,,,,
Canberra,2013,5,,,7,5,,,,,7,21,5,,10,5,,,,,,,
Sydney,2014,138,96,102,75,59,55,34,142,475,92,313,78,303,112,56,76,43,24,30,43,24,30
Blue Mountains,2014,,,,,,,,,,,,3,,10,3,,,,,,,
Capital Country,2014,,,,,,,,,,,,,,,,,,,,,,
Central Coast,2014,0,,,,,,,,,,,,,1,,,,,,,,
Central NSW,2014,,,,,,,,,,,,,,2,,,,,,,,
Hunter,2014,3,,,,,,,,8,3,,8,21,10,5,5,2,,,,,
New England North West,2014,,,,,,,,,,,,,,,,,,,,,,
North Coast NSW,2014,4,,,,,,,,,,,16,54,34,17,12,6,9,11,6,,
Outback NSW,2014,,,,,,,,,,,,,,,,,,,,,,
Riverina,2014,,,,,,,,,,,,,,,,,,,,,,
Snowy Mountains,2014,,,,,,,,,,,,,,,,,,,,,,
South Coast,2014,2,,,,,,,,,2,,6,,10,5,,,,,,,
The Murray,2014,,,,,,,,,,,,,,,,,,,,,,
Melbourne,2014,41,70,93,108,50,40,23,38,389,80,150,44,174,70,32,43,33,18,16,33,18,16
Ballarat,2014,,,,,,,,,,,,,,,,,,,,,,
Bendigo Loddon,2014,,,,,,,,,,,,,,,,,,,,,,
Central Highlands,2014,,,,,,,,,,,,,,,1,,,,,,,
Central Murray,2014,,,,,,,,,,,,,,,,,,,,,,
Geelong and the Bellarine,2014,,,,,,,,,,,,,,,,,,,,,,
Gippsland,2014,,,,,,,,,,,,,,,,,,,,,,
Goulburn,2014,,,,,,,,,,,,,,,,,,,,,,
Great Ocean Road,2014,1,,,,,,,,,2,,5,,19,8,9,6,5,6,6,,
High Country,2014,,,,,,,,,,,,,,,,,,,,,,
Lakes,2014,,,,,,,,,,,,,,,,,,,,,,
Macedon,2014,,,,,,,,,,,,,,,,,,,,,,
Mallee,2014,,,,,,,,,,,,,,,,,,,,,,
Melbourne East,2014,,,,,,,,,,,,,,,,,,,,,,
Murray East,2014,,,,,,,,,,,,,,,,,,,,,,
Peninsula,2014,0,,,,,,,,,,,,,2,,,,,,,,
Phillip Island,2014,,,,,,,,,,,,,,,,,,,,,,
Spa Country,2014,,,,,,,,,,,,,,,,,,,,,,
Upper Yarra,2014,,,,,,,,,,,,,,,,,,,,,,
Western Grampians,2014,,,,,,,,,,,,,,,,,,,,,,
Wimmera,2014,,,,,,,,,,,,,,,,,,,,,,
Brisbane,2014,30,27,30,20,11,32,8,26,148,20,71,27,114,50,24,25,12,11,13,12,11,
Bundaberg,2014,,,,,,,,,,,,,,5,1,,,,,,,
Southern Queensland Country,2014,1,,,,,,,,,,,,,4,,,,,,,,
Fraser Coast,2014,,,,,,,,,,,,6,29,23,9,7,2,,6,2,,
Gold Coast,2014,52,19,34,30,7,,6,,204,21,27,17,58,23,13,9,5,5,7,5,5,7
Mackay,2014,1,,,,,,,,,,,,,4,1,,,,,,,
Townsville,2014,1,,,,,,,,,,,4,,19,6,8,2,,5,2,,
Outback Queensland,2014,,,,,,,,,,,,,,5,,,,,,,,
Sunshine Coast,2014,4,,,,,,,,,,,13,52,32,12,10,3,,6,3,6,
Tropical North Queensland,2014,87,17,1,,,,1,,158,13,82,27,82,49,21,24,11,10,12,11,,12
Whitsundays,2014,9,1,,,,,,,,1,,12,44,30,11,11,4,6,7,4,,
Capricorn,2014,,,,,,,,,,,,,,10,3,,,,4,,,
Gladstone,2014,,,,,,,,,,,,2,,13,3,,,,0,,,
Adelaide,2014,6,9,11,18,5,,,,,13,32,11,54,26,10,14,9,6,10,9,,
Adelaide Hills,2014,,,,,,,,,,,,,,,,,,,,,,
Barossa,2014,,,,,,,,,,,,,,,,,,,,,,
Clare Valley,2014,,,,,,,,,,,,,,,,,,,,,,
Eyre Peninsula,2014,,,,,,,,,,,,,,,,,,,,,,
Fleurieu Peninsula,2014,,,,,,,,,,,,,,,,,,,,,,
Limestone Coast,2014,,,,,,,,,,,,,,6,,,,,,,,
"Murray River, Lakes and Coorong",2014,,,,,,,,,,,,,,,,,,,,,,
Riverland,2014,,,,,,,,,,,,,,,,,,,,,,
Yorke Peninsula,2014,,,,,,,,,,,,,,,,,,,,,,
Flinders Ranges and Outback,2014,,,,,,,,,,,,,,,1,,,,,,,
Kangaroo Island,2014,,,,,,,,,,,,,,,,,,1,,,,
Experience Perth,2014,25,18,77,71,29,12,9,13,39,18,64,16,135,29,13,20,13,7,10,13,7,
Australia's Golden Outback,2014,,,,,,,,,,,,,,5,,,,,,,,
Australia's North West,2014,1,,,,,,,,,,,2,,8,1,,,,,,,
Australia's South West,2014,3,,,6,1,,,,,,,4,,6,3,,,,,,,
Australia's Coral Coast,2014,,,,,,,,,,,,,,10,2,,,,,,,
Hobart and the South,2014,6,17,6,5,,,,,,2,,4,,8,1,,,,,,,
East Coast,2014,,,,,,,,,,,,,,,,,,,,,,
Launceston and the North,2014,,,3,,,,,,,1,,2,,4,,,,,,,,
North West,2014,,,,,,,,,,,,,,,,,,,,,,
West Coast,2014,,,,,,,,,,,,,,,,,,,,,,
Darwin,2014,4,,,,,,,,,,,6,,17,3,,5,4,6,5,,
Barkly,2014,,,,,,,,,,,,,,,,,,,,,,
Alice Springs,2014,,,,,,,,,,,,5,,19,5,11,6,4,7,6,,
Litchfield Kakadu Arnhem,2014,,,,,,,,,,,,,,,,,,,,,,
Katherine Daly,2014,,,,,,,,,,,,,,,1,,,,,,,
Lasseter,2014,,1,,,,,,,,,,6,,17,4,,8,3,6,8,,
MacDonnell,2014,,,,,,,,,,,,,,,,,,,,,,
Canberra,2014,3,,8,3,,,,,29,4,,5,,11,4,,,,,,,
Sydney,2015,123,99,109,76,57,60,30,160,566,107,339,77,312,108,56,72,37,23,31,37,23,31
Blue Mountains,2015,,,,,,,,,,,,4,,8,4,,,,2,,,
Capital Country,2015,,,,,,,,,,,,,,,,,,,,,,
Central Coast,2015,1,,,,,,,,,,,,,2,,,,,,,,
Central NSW,2015,,,,,,,,,,,,,,2,,,,,,,,
Hunter,2015,4,,,,,,,,,2,,7,30,11,4,5,1,,,,,
New England North West,2015,,,,,,,,,,,,,,,,,,,,,,
North Coast NSW,2015,3,,,,,,,,,,,17,63,33,17,15,6,8,11,6,,
Outback NSW,2015,,,,,,,,,,,,,,,,,,,,,,
Riverina,2015,,,,,,,,,,,,,,,,,,,,,,
Snowy Mountains,2015,,,,,,,,,,,,,,,,,,,,,,
South Coast,2015,2,,,,,,,,,3,,8,23,11,4,,,,,,,
The Murray,2015,,,,,,,,,,,,,,,,,,,,,,
Melbourne,2015,47,79,108,123,52,43,24,44,490,100,163,43,198,69,32,44,30,15,19,30,15,19
Ballarat,2015,,,,,,,,,,,,,,,,,,,,,,
Bendigo Loddon,2015,,,,,,,,,,,,,,,,,,,,,,
Central Highlands,2015,,,,,,,,,,,,,,,,,,,,,,
Central Murray,2015,,,,,,,,,,,,,,,,,,,,,,
Geelong and the Bellarine,2015,,,,,,,,,,0,,,,3,,,,,,,,
Gippsland,2015,,,,,,,,,,,,,,5,,,,,,,,
Goulburn,2015,,,,,,,,,,,,,,,,,,,,,,
Great Ocean Road,2015,2,,,6,,,,,,4,,7,26,16,5,,6,5,7,6,,
High Country,2015,,,,,,,,,,,,,,,,,,,,,,
Lakes,2015,,,,,,,,,,,,,,,,,,,,,,
Macedon,2015,,,,,,,,,,,,,,,,,,,,,,
Mallee,2015,,,,,,,,,,,,,,,,,,,,,,
Melbourne East,2015,0,,,,,,,,,,,,,,,,,,,,,
Murray East,2015,,,,,,,,,,,,,,,,,,,,,,
Peninsula,2015,2,,,,,,,,,,,,,2,,,,,,,,
Phillip Island,2015,,,,,,,,,,,,,,,,,,,,,,
Spa Country,2015,,,,,,,,,,,,,,,,,,,,,,
Upper Yarra,2015,,,,,,,,,,,,,,,,,,,,,,
Western Grampians,2015,,,,,,,,,,,,,,,,,,,,,,
Wimmera,2015,,,,,,,,,,,,,,,,,,,,,,
Brisbane,2015,35,31,30,22,10,36,9,30,187,30,89,26,123,54,21,25,13,10,15,13,10,
Bundaberg,2015,,,,,,,,,,,,,,5,1,,,,,,,
Southern Queensland Country,2015,,,,,,,,,,,,,,3,,,,,,,,
Fraser Coast,2015,,,,,,,,,,,,4,30,25,9,8,2,,6,2,,
Gold Coast,2015,53,23,32,26,7,24,3,,243,22,35,13,58,23,11,10,4,5,8,4,5,8
Mackay,2015,,,,,,,,,,,,,,6,2,,,,,,,
Townsville,2015,1,,,,,,,,,,,5,,21,7,6,3,,4,3,,
Outback Queensland,2015,,,,,,,,,,,,,,,,,,,,,,
Sunshine Coast,2015,3,,,,,,,,,,,10,52,27,12,10,5,,7,5,6,
Tropical North Queensland,2015,91,20,4,3,,,1,,174,20,97,22,83,46,21,21,9,10,10,9,,10
Whitsundays,2015,6,1,,,,,,,,1,,9,43,31,11,10,4,7,7,4,,
Capricorn,2015,,,,,,,,,,,,,,10,4,,,,,,,
Gladstone,2015,,,,,,,,,,,,,,8,3,,,,3,,,
Adelaide,2015,6,12,13,14,5,6,,,,15,41,13,56,23,8,13,11,5,8,11,,
Adelaide Hills,2015,,,,,,,,,,,,,,,,,,,,,,
Barossa,2015,,,,,,,,,,,,,,,,,,,,,,
Clare Valley,2015,,,,,,,,,,,,,,,,,,,,,,
Eyre Peninsula,2015,,,,,,,,,,,,,,,,,,,,,,
Fleurieu Peninsula,2015,,,,,,,,,,,,,,2,,,,,,,,
Limestone Coast,2015,,,,,,,,,,,,,,4,,,,,,,,
"Murray River, Lakes and Coorong",2015,,,,,,,,,,,,,,,,,,,,,,
Riverland,2015,,,,,,,,,,,,,,,,,,,,,,
Yorke Peninsula,2015,,,,,,,,,,,,,,,,,,,,,,
Flinders Ranges and Outback,2015,,,,,,,,,,,,,,,,,,,,,,
Kangaroo Island,2015,,,,,,,,,,,,,,,,,,1,,,,
Experience Perth,2015,22,19,78,79,27,10,9,11,43,19,66,17,138,31,15,18,12,9,11,12,9,
Australia's Golden Outback,2015,,,,,,,,,,,,,,4,,,,,,,,
Australia's North West,2015,1,,,,,,,,,,,3,,8,1,,,,,,,
Australia's South West,2015,2,,,11,2,,,,,,,4,,9,5,,2,,,,,
Australia's Coral Coast,2015,,,,,,,,,,,,,,10,2,,2,,,2,,
Hobart and the South,2015,,,9,6,,,,,,3,,6,,10,4,,2,,,,,
East Coast,2015,,,,,,,,,,,,,,,,,,,,,,
Launceston and the North,2015,,,6,,,,,,,1,,,,4,,,,,,,,
North West,2015,,,,,,,,,,,,,,,,,,,,,,
West Coast,2015,,,,,,,,,,,,,,,,,,,,,,
Darwin,2015,5,,,,,,,,,,,3,,16,3,,3,,4,3,,
Barkly,2015,,,,,,,,,,,,,,,,,,,,,,
Alice Springs,2015,,,,,,,,,,,,4,,17,3,,4,,5,4,,
Litchfield Kakadu Arnhem,2015,,,,,,,,,,,,,,,0,,,,,,,
Katherine Daly,2015,,,,,,,,,,,,,,,1,,,,,,,
Lasseter,2015,,1,,,,,,,,,,5,,15,4,,9,3,,9,,
MacDonnell,2015,,,,,,,,,,,,,,,,,,,,,,
Canberra,2015,5,,,5,,,,,,6,,7,,8,3,,,,,,,
Sydney,2016,161,113,115,80,68,66,37,199,675,125,396,79,334,119,60,75,39,26,29,39,26,29
Blue Mountains,2016,,,,,,,,,,,,5,,11,4,,1,,,,,
Capital Country,2016,,,,,,,,,,,,,,,,,,,,,,
Central Coast,2016,1,,,,,,,,,,,,,1,,,,,,,,
Central NSW,2016,,,,,,,,,,,,,,,,,,,,,,
Hunter,2016,3,,,,,,,,,2,,6,31,14,7,7,2,,,,,
New England North West,2016,,,,,,,,,,,,,,,,,,,,,,
North Coast NSW,2016,6,,,,,,,,,1,,17,66,39,16,14,4,9,10,4,,
Outback NSW,2016,,,,,,,,,,,,,,,,,,,,,,
Riverina,2016,,,,,,,,,,,,,,,,,,,,,,
Snowy Mountains,2016,,,,,,,,,,,,,,,,,,,,,,
South Coast,2016,3,,,,,,,,,1,,7,24,11,5,,1,,,,,
The Murray,2016,,,,,,,,,,,,,,,,,,,,,,
Melbourne,2016,57,86,120,138,61,53,27,48,563,112,187,44,199,76,35,46,29,18,18,29,18,18
Ballarat,2016,,,,,,,,,,,,,,,,,,,,,,
Bendigo Loddon,2016,,,,,,,,,,,,,,,,,,,,,,
Central Highlands,2016,,,,,,,,,,,,,,,2,,,,,,,
Central Murray,2016,,,,,,,,,,,,,,,,,,,,,,
Geelong and the Bellarine,2016,,,,,,,,,,,,,,2,,,,,,,,
Gippsland,2016,,,,,,,,,,,,,,7,1,,,,,,,
Goulburn,2016,,,,,,,,,,,,,,,,,,,,,,
Great Ocean Road,2016,2,,,6,,,,,,3,,6,29,18,7,12,5,,6,5,,
High Country,2016,,,,,,,,,,,,,,,,,,,,,,
Lakes,2016,,,,,,,,,,,,,,,,,,,,,,
Macedon,2016,,,,,,,,,,,,,,,,,,,,,,
Mallee,2016,,,,,,,,,,,,,,,,,,,,,,
Melbourne East,2016,1,,,,,,,,,,,,,,,,,,,,,
Murray East,2016,,,,,,,,,,,,,,,,,,,,,,
Peninsula,2016,1,,,,,,,,,,,,,2,,,,,,,,
Phillip Island,2016,,,,,,,,,,,,,,,,,,,,,,
Spa Country,2016,,,,,,,,,,,,,,,,,,,,,,
Upper Yarra,2016,,,,,,,,,,,,,,,,,,,,,,
Western Grampians,2016,,,,,,,,,,,,,,,,,,,,,,
Wimmera,2016,,,,,,,,,,,,,,,,,,,,,,
Brisbane,2016,39,35,33,24,16,35,9,40,222,25,100,31,126,52,23,25,9,12,15,9,12,
Bundaberg,2016,,,,,,,,,,,,,,6,1,,,,,,,
Southern Queensland Country,2016,,,,,,,,,,,,,,,,,,,,,,
Fraser Coast,2016,,,,,,,,,,,,6,34,26,9,9,3,,6,3,,
Gold Coast,2016,64,26,30,25,7,,5,,294,23,39,15,66,23,15,13,7,4,6,7,4,6
Mackay,2016,,,,,,,,,,,,,,,1,,,,,,,
Townsville,2016,1,,,,,,,,,,,5,,24,6,8,2,,5,2,,
Outback Queensland,2016,,,,,,,,,,,,,,,,,,,,,,
Sunshine Coast,2016,4,,,,,,,,,,,11,54,35,13,8,2,,10,2,8,
Tropical North Queensland,2016,109,23,6,3,,,2,,230,19,108,22,84,51,18,17,8,12,10,8,12,10
Whitsundays,2016,9,1,,,,,,,,2,,11,49,33,11,10,4,,7,4,,
Capricorn,2016,,,,,,,,,,,,3,,13,2,,,,,,,
Gladstone,2016,,,,,,,,,,,,,,8,3,,,,,,,
Adelaide,2016,7,11,15,12,7,4,,,,12,50,11,54,28,10,12,9,6,8,9,,
Adelaide Hills,2016,,,,,,,,,,,,,,,,,,,,,,
Barossa,2016,,,,,,,,,,,,,,,,,,,,,,
Clare Valley,2016,,,,,,,,,,,,,,,,,,,,,,
Eyre Peninsula,2016,,,,,,,,,,,,,,,,,,,,,,
Fleurieu Peninsula,2016,,,,,,,,,,,,,,,,,,,,,,
Limestone Coast,2016,,,,,,,,,,,,,,6,,,,,,,,
"Murray River, Lakes and Coorong",2016,,,,,,,,,,,,,,,,,,,,,,
Riverland,2016,,,,,,,,,,,,,,,,,,,,,,
Yorke Peninsula,2016,,,,,,,,,,,,,,,,,,,,,,
Flinders Ranges and Outback,2016,,,,,,,,,,,,,,6,3,,,,,,,
Kangaroo Island,2016,,,,,,,,,,,,,,,,,,,,,,
Experience Perth,2016,25,22,97,105,29,11,12,14,51,23,79,18,147,37,13,18,14,8,11,14,8,
Australia's Golden Outback,2016,,,,,,,,,,,,,,8,1,,,,,,,
Australia's North West,2016,1,,,,,,,,,,,2,,11,2,,,,,,,
Australia's South West,2016,3,,,17,2,,,,,,,6,,10,4,,3,,,3,,
Australia's Coral Coast,2016,,,,,,,,,,,,,,13,2,,2,,,2,,
Hobart and the South,2016,7,,10,11,2,,,,,5,,5,,9,3,,4,,,,,
East Coast,2016,,,,,,,,,,,,,,5,,,,,,,,
Launceston and the North,2016,,,7,,,,,,,1,,,,4,,,,,,,,
North West,2016,,,,,,,,,,,,,,,,,,,,,,
West Coast,2016,,,,,,,,,,,,,,,,,,,,,,
Darwin,2016,4,,,,,,,,,,,5,,16,4,,4,,4,,,
Barkly,2016,,,,,,,,,,,,,,,,,,,,,,
Alice Springs,2016,,,,,,,,,,,,3,,18,5,,4,,4,4,,
Litchfield Kakadu Arnhem,2016,,,,,,,,,,,,,,,1,,,,,,,
Katherine Daly,2016,,,,,,,,,,,,,,,1,,,,,,,
Lasseter,2016,,3,,,,,,,,,,5,,18,4,,,3,,8,,
MacDonnell,2016,,,,,,,,,,,,,,,,,,,,,,
Canberra,2016,4,,,5,,,,,,8,22,5,,8,3,,,,,,,
Sydney,2017,162,125,109,82,76,78,40,220,770,140,440,91,348,122,69,70,43,31,30,43,31,30
Blue Mountains,2017,,,,,,,,,,,,6,,12,5,,,,3,,,
Capital Country,2017,,,,,,,,,,,,,,,,,,,,,,
Central Coast,2017,0,,,,,,,,,,,,,3,,,,,,,,
Central NSW,2017,,,,,,,,,,,,,,,,,,,,,,
Hunter,2017,3,,,,,,,,,4,,9,30,12,8,7,2,,4,,,
New England North West,2017,,,,,,,,,,,,,,,,,,,,,,
North Coast NSW,2017,4,,,,,,,,,4,,18,70,38,18,17,6,10,10,6,,
Outback NSW,2017,,,,,,,,,,,,,,,,,,,,,,
Riverina,2017,,,,,,,,,,,,,,,,,,,,,,
Snowy Mountains,2017,,,,,,,,,,,,,,,,,,,,,,
South Coast,2017,3,,,,,,,,,4,,8,30,13,3,,2,,3,,,
The Murray,2017,,,,,,,,,,,,,,,,,,,,,,
Melbourne,2017,76,97,124,136,70,54,29,57,611,138,218,46,203,80,37,44,28,22,22,28,22,22
Ballarat,2017,,,,,,,,,,,,,,,,,,,,,,
Bendigo Loddon,2017,,,,,,,,,,,,,,,,,,,,,,
Central Highlands,2017,,,,,,,,,,,,,,,2,,,,,,,
Central Murray,2017,,,,,,,,,,,,,,,,,,,,,,
Geelong and the Bellarine,2017,,,,,,,,,,1,,,,3,,,,,,,,
Gippsland,2017,,,,,,,,,,,,,,,,,,,,,,
Goulburn,2017,,,,,,,,,,,,,,,,,,,,,,
Great Ocean Road,2017,1,,,7,,,,,,5,,5,,19,7,,6,8,10,6,,
High Country,2017,,,,,,,,,,,,,,,,,,,,,,
Lakes,2017,,,,,,,,,,,,,,,,,,,,,,
Macedon,2017,,,,,,,,,,,,,,,,,,,,,,
Mallee,2017,,,,,,,,,,,,,,,,,,,,,,
Melbourne East,2017,,,,,,,,,,,,,,1,,,,,,,,
Murray East,2017,,,,,,,,,,,,,,,,,,,,,,
Peninsula,2017,1,,,,,,,,,,,,,2,,,,,,,,
Phillip Island,2017,,,,,,,,,,,,,,,,,,,,,,
Spa Country,2017,,,,,,,,,,,,,,,,,,,,,,
Upper Yarra,2017,,,,,,,,,,,,,,,,,,,,,,
Western Grampians,2017,,,,,,,,,,,,,,,,,,,,,,
Wimmera,2017,,,,,,,,,,,,,,,,,,,,,,
Brisbane,2017,46,33,29,25,13,49,14,38,239,33,96,31,128,61,26,25,14,13,13,14,13,13
Bundaberg,2017,,,,,,,,,,,,,,7,1,,,,,,,
Southern Queensland Country,2017,,,,,,,,,,,,,,,,,,,,,,
Fraser Coast,2017,,,,,,,,,,,,,,31,9,8,5,,7,5,,
Gold Coast,2017,65,36,29,24,8,,7,,309,32,37,16,67,24,15,9,7,5,7,7,5,7
Mackay,2017,,,,,,,,,,,,,,9,2,,,,,,,
Townsville,2017,,,,,,,,,,,,7,,27,11,9,3,,6,3,,
Outback Queensland,2017,,,,,,,,,,,,,,,,,,,,,,
Sunshine Coast,2017,6,,,,,,,,,,,14,58,35,15,9,5,,10,5,9,
Tropical North Queensland,2017,111,18,6,,,,,,217,30,110,21,91,55,25,23,14,12,12,14,,12
Whitsundays,2017,,1,,,,,,,,1,,9,51,36,12,12,6,7,9,6,,
Capricorn,2017,,,,,,,,,,,,,,13,3,,,,,,,
Gladstone,2017,,,,,,,,,,,,,,12,4,,,,,,,
Adelaide,2017,7,13,14,13,8,4,,,,12,54,10,66,24,10,12,10,8,8,10,,
Adelaide Hills,2017,,,,,,,,,,,,,,,,,,,,,,
Barossa,2017,,,,,,,,,,,,,,,,,,,,,,
Clare Valley,2017,,,,,,,,,,,,,,,,,,,,,,
Eyre Peninsula,2017,,,,,,,,,,,,,,,,,,,,,,
Fleurieu Peninsula,2017,,,,,,,,,,,,,,,,,,,,,,
Limestone Coast,2017,,,,,,,,,,,,,,,,,,,,,,
"Murray River, Lakes and Coorong",2017,,,,,,,,,,,,,,,,,,,,,,
Riverland,2017,,,,,,,,,,,,,,,,,,,,,,
Yorke Peninsula,2017,,,,,,,,,,,,,,,,,,,,,,
Flinders Ranges and Outback,2017,,,,,,,,,,,,,,5,1,,,,,,,
Kangaroo Island,2017,,,,,,,,,,,,,,,,,,,,,,
Experience Perth,2017,27,24,98,109,28,11,12,10,58,27,76,17,140,30,14,18,11,8,11,11,8,
Australia's Golden Outback,2017,,,,,,,,,,,,,,5,0,,,,,,,
Australia's North West,2017,,,,,,,,,,,,1,,6,2,,,,,,,
Australia's South West,2017,2,,,14,4,,,,,,,3,,8,3,,1,,,,,
Australia's Coral Coast,2017,,,,,,,,,,,,,,10,2,,2,,,2,,
Hobart and the South,2017,5,,14,11,2,,,,,5,,10,19,13,4,,2,,,,,
East Coast,2017,,,,,,,,,,,,,,,,,,,,,,
Launceston and the North,2017,,,9,,,,,,,3,,3,,7,,,,,,,,
North West,2017,,,,,,,,,,,,,,,,,,,,,,
West Coast,2017,,,,,,,,,,,,,,,,,,,,,,
Darwin,2017,,,,1,,,,,,,,2,,15,5,,3,,4,3,,
Barkly,2017,,,,,,,,,,,,,,,,,,,,,,
Alice Springs,2017,,,,,,,,,,,,4,,17,7,,5,,,5,,
Litchfield Kakadu Arnhem,2017,,,,,,,,,,,,,,,,,,,,,,
Katherine Daly,2017,,,,,,,,,,,,,,,1,,,,,,,
Lasseter,2017,,1,,,,,,,,1,,6,,16,6,,10,4,,10,,
MacDonnell,2017,,,,,,,,,,,,,,,,,,,,,,
Canberra,2017,6,,,6,10,4,,,,12,23,6,,8,4,,,,,,,
Sydney,2018,187,126,120,86,83,85,39,203,755,156,467,101,333,119,65,81,46,30,36,46,30,36
Blue Mountains,2018,,,,,,,,,,,,3,,12,4,,,,,,,
Capital Country,2018,1,,,,,,,,,,,,,,,,,,,,,
Central Coast,2018,1,,,,,,,,,,,,,3,,,,,,,,
Central NSW,2018,,,,,,,,,,,,,,,,,,,,,,
Hunter,2018,3,,,,,,,,,5,,6,,13,8,,2,,,,,
New England North West,2018,,,,,,,,,,,,,,,,,,,,,,
North Coast NSW,2018,8,4,,,,,,,,2,,17,68,40,16,19,6,10,9,6,,
Outback NSW,2018,,,,,,,,,,,,,,,,,,,,,,
Riverina,2018,,,,,,,,,,,,,,,,,,,,,,
Snowy Mountains,2018,,,,,,,,,,,,,,,,,,,,,,
South Coast,2018,3,,,,,,,,,4,,10,30,12,7,,,,,,,
The Murray,2018,,,,,,,,,,,,,,,,,,,,,,
Melbourne,2018,82,101,127,143,76,61,29,54,652,168,222,55,203,76,35,51,29,22,23,29,22,23
Ballarat,2018,,,,,,,,,,,,,,,,,,,,,,
Bendigo Loddon,2018,,,,,,,,,,,,,,,,,,,,,,
Central Highlands,2018,,,,,,,,,,,,,,4,,,,,,,,
Central Murray,2018,,,,,,,,,,,,,,,,,,,,,,
Geelong and the Bellarine,2018,,,,,,,,,,,,,,,,,,,,,,
Gippsland,2018,,,,,,,,,,,,,,,,,,,,,,
Goulburn,2018,,,,,,,,,,,,,,,,,,,,,,
Great Ocean Road,2018,1,,,,,,,,,2,,8,29,21,9,14,6,8,10,6,,
High Country,2018,,,,,,,,,,,,,,,,,,,,,,
Lakes,2018,,,,,,,,,,,,,,,,,,,,,,
Macedon,2018,,,,,,,,,,,,,,,,,,,,,,
Mallee,2018,,,,,,,,,,,,,,,,,,,,,,
Melbourne East,2018,,,,,,,,,,,,,,,,,,,,,,
Murray East,2018,,,,,,,,,,,,,,,,,,,,,,
Peninsula,2018,0,,,,,,,,,,,,,1,,,,,,,,
Phillip Island,2018,,,,,,,,,,,,,,,,,,,,,,
Spa Country,2018,,,,,,,,,,,,,,,,,,,,,,
Upper Yarra,2018,,,,,,,,,,,,,,,,,,,,,,
Western Grampians,2018,,,,,,,,,,,,,,,,,,,,,,
Wimmera,2018,,,,,,,,,,,,,,,,,,,,,,
Brisbane,2018,41,39,41,27,13,57,9,38,256,36,105,37,128,54,29,28,15,15,14,15,15,14
Bundaberg,2018,,,,,,,,,,,,,,,,,,,,,,
Southern Queensland Country,2018,,,,,,,,,,,,,,,,,,,,,,
Fraser Coast,2018,0,,,,,,,,,,,5,,24,10,8,2,,7,2,,
Gold Coast,2018,68,34,34,27,9,,5,,269,38,41,21,60,27,13,12,4,5,,4,5,7
Mackay,2018,,,,,,,,,,,,,,,3,,,,,,,
Townsville,2018,2,,,,,,,,,,,5,,24,8,8,4,,5,4,,
Outback Queensland,2018,,,,,,,,,,,,,,,,,,,,,,
Sunshine Coast,2018,4,,,,,,,,,,,13,61,30,14,13,2,,9,2,9,
Tropical North Queensland,2018,111,15,8,,,,1,,206,24,109,25,81,49,24,22,13,14,12,13,14,12
Whitsundays,2018,7,1,,,,,,,,2,,9,47,30,13,14,5,8,8,5,,
Capricorn,2018,1,,,,,,,,,,,,,10,4,,,,,,,
Gladstone,2018,,,,,,,,,,,,,,11,3,,,,,,,
Adelaide,2018,8,13,11,14,4,4,,,,12,49,13,52,24,8,11,16,6,9,16,,
Adelaide Hills,2018,,,,,,,,,,,,,,,,,,,,,,
Barossa,2018,,,,,,,,,,,,,,,,,,,,,,
Clare Valley,2018,,,,,,,,,,,,,,,,,,,,,,
Eyre Peninsula,2018,,,,,,,,,,,,,,,,,,,,,,
Fleurieu Peninsula,2018,,,,,,,,,,,,,,,,,,,,,,
Limestone Coast,2018,,,,,,,,,,,,,,,,,,,,,,
"Murray River, Lakes and Coorong",2018,,,,,,,,,,,,,,,,,,,,,,
Riverland,2018,,,,,,,,,,,,,,,,,,,,,,
Yorke Peninsula,2018,,,,,,,,,,,,,,,,,,,,,,
Flinders Ranges and Outback,2018,,,,,,,,,,,,,,,,,,,,,,
Kangaroo Island,2018,,,,,,,,,,,,,,,,,,1,,,,
Experience Perth,2018,30,24,97,101,31,12,12,15,59,30,68,19,139,34,13,18,13,9,13,13,9,
Australia's Golden Outback,2018,,,,,,,,,,,,,,8,3,,,,,,,
Australia's North West,2018,,,,,,,,,,,,,,8,1,,,,,,,
Australia's South West,2018,2,,,17,3,,,,,,,6,,10,4,,4,,,,,
Australia's Coral Coast,2018,,,,,,,,,,,,3,,12,2,,,,,1,,
Hobart and the South,2018,7,,18,14,3,,,,,5,,6,,11,5,,2,,,,,
East Coast,2018,,,,,,,,,,,,,,,,,,,,,,
Launceston and the North,2018,,,,9,,,,,,2,,2,,4,,,,,,,,
North West,2018,,,,,,,,,,,,,,,,,,,,,,
West Coast,2018,,,,,,,,,,,,,,,,,,,,,,
Darwin,2018,,,,,,1,,,,,,5,,14,3,,4,,5,,,
Barkly,2018,,,,,,,,,,,,,,,,,,,,,,
Alice Springs,2018,,,,,,,,,,,,4,,17,7,,7,,,7,,
Litchfield Kakadu Arnhem,2018,,,,,,,,,,,,,,,2,,,,,,,
Katherine Daly,2018,,,,,,,,,,,,,,,,,,,,,,
Lasseter,2018,,3,,,,,,,,,,5,,16,8,,11,4,,11,,
MacDonnell,2018,,,,,,,,,,,,,,,,,,,,,,
Canberra,2018,5,,,6,8,7,,,,15,19,8,,11,4,,4,,,,,
